Loss,Accuracy
0.03536684066057205,0.9872773289680481
