Loss,Accuracy
0.5675531029701233,0.9285714030265808
